Work Item Type,Title,Description,Acceptance Criteria,Tags,Priority,Story Points,Parent
User Story,Retire the mission-control Next app,"Remove the mission-control/ Next app from the fork AFTER the hub has the operator login + operator API (do those first). Update CI (.github/workflows/ci.yml: drop the mission-control build job), root package.json (remove dev:control; make dev run hub:3000 + yard:3001 + rover), and README. Do NOT port rover-config, simulator, or dispatch routes.","mission-control/ directory deleted | CI has no mission-control job and stays green | npm run dev starts only hub + yard | README updated | no remaining imports reference mission-control",architecture,1,5,239
User Story,Point David's yard satellite at port 3001,"Configure the yard satellite web server (yard/satellite/web_server.py, currently 5050) to serve on 3001, and update scripts/dev-yard.js (or add a dev script) so npm run dev brings the satellite UI up on 3001. Rover backend stays on 8523.","yard satellite UI reachable at localhost:3001 | rover backend still on 8523 | npm run dev launches hub:3000 + yard:3001 | ports documented in README",architecture; yard,1,2,239
User Story,Operator login and admin access on the hub,"Add operator login to the hub. Port from mission-control: infrastructure/auth/operator-claims.ts, operator-role-check.ts, proxy.ts (middleware guarding /operator and /api/operator), /api/auth/session (sets the session cookie), set-custom-claims (locked behind ADMIN_API_SECRET, fails closed), and a /login page with the OperatorLogin form. Reuse the hub's existing AuthContext + lib/firebase.ts; add getFirebaseAdminAuth to infrastructure/persistence/firebase-admin.ts; wrap layout in AuthProvider. Operator role comes from the verified JWT custom claim.","/login signs in an operator and sets the session cookie | proxy redirects non-operators from /operator and 401s /api/operator | set-custom-claims requires the admin secret | AuthProvider mounted in layout | next build + typecheck green",auth,1,8,239
User Story,Minimal operator API in the hub,"Port the operator mission APIs into the hub. GET /api/operator/missions (list all). PATCH /api/operator/missions/[id] with admin-only actions: add-youtube-url, mark-complete, cancel, mark-failed. Use verifyOperatorAuth and the hub's FirestoreMissionRepository. Drop the execute/dispatch action and its rover-config / GroundStationDispatch dependencies.","GET returns missions for an authed operator and 401s otherwise | add-youtube-url validates the URL and applies only to completed missions | mark-complete sets status=completed + completedAt | unauthenticated requests get 401 | build green",auth; api,1,5,239
User Story,Operator page lists not-run missions with code,"Build an admin-gated page in the hub (route /operator) that lists missions with status queued (not yet run) and shows each mission's stored Python code with a Copy Python button. Reuse the copy-to-clipboard pattern at mission-authoring/src/app/missions/[missionId]/MissionVideoClient.tsx:156. Gate with useAuth().isOperator client-side; the proxy guards it server-side.","page lists queued missions with their code | Copy Python copies code to the clipboard | non-operators cannot view the page | data comes from GET /api/operator/missions",close-the-loop,1,5,240
User Story,Attach a YouTube video to a mission,"In the operator page, let the operator mark a mission complete and paste a YouTube URL via PATCH /api/operator/missions/[id] (mark-complete then add-youtube-url). The learner's mission and history views then show the video.","operator can attach a valid YouTube URL | invalid URLs are rejected with a message | the video appears against the mission in learner views | action requires operator auth",close-the-loop,1,3,240
User Story,Align hub Blockly with the yard's,"The hub's BlocklyEditor (mission-authoring/src/components/mission/BlocklyEditor.tsx) uses the old Blockly.Xml API and a movement-only block subset; the yard (yard/satellite/templates/code.html) uses the new Blockly.serialization JSON API with a richer set (rover_on_receive, mast, LEDs, photo, wait). Switch the hub to Blockly.serialization.workspaces.save/load and adopt the yard's block definitions, ideally extracting them into one shared defs file both editors load. Block type names and fields MUST match for a workspace to load across editors.","hub and yard share the same block definitions/types | a workspace saved in the hub loads in the yard with no unknown-block errors | hub still generates correct Python | existing saved missions are unaffected",blockly,2,13,241
User Story,Persist Blockly state on submission,"Add optional blocklyState (serialized JSON) to the Mission entity (Mission.ts) and createMissionSchema (validation/schemas.ts); pass it through MissionService.submitMission (FirestoreMissionRepository.toFirestoreDoc already strips undefined). Save the serialized workspace from MissionWorkspace on submit when in Blockly mode.","a block-built mission stores blocklyState in Firestore | Python-only missions write no blocklyState (no undefined) | the schema validates the field | build green",blockly,2,3,241
User Story,Copy blocks in the operator page,"In the operator page, add a Copy blocks button beside Copy Python, shown only when the mission has blocklyState; it copies the JSON to the clipboard for pasting into the yard.","Copy blocks shows only when blocklyState exists | it copies valid JSON | it is hidden for Python-only missions",blockly,2,2,241
User Story,Yard: import blocks paste box,"Add an Import blocks affordance to the yard editor (yard/satellite/templates/code.html): a paste box/button that runs Blockly.serialization.workspaces.load(JSON.parse(pasted), workspace). Keep it small and upstream-friendly.","pasting valid Blockly JSON loads the blocks into the yard workspace | invalid input shows an error and does not crash | the existing run flow is unaffected",blockly; yard,2,3,241
User Story,Move email prompt to post-submission,"Remove the landing auto-prompt in mission-authoring/src/contexts/LearnerContext.tsx (the setShowEmailPrompt(true) on first visit, around line 48). Instead call openEmailPrompt() only after a successful mission submission. Keep it optional/skippable; learner identity and history stay on getLearnerID()/local storage.","no email prompt on first landing | the prompt appears once (skippable) after submitting a mission | skipping does not block the app | history still works via local storage",email; privacy,2,3,242
User Story,Rename brand Rover Cadets to Mission Control,"Replace 'Rover Cadets' with 'Mission Control' in mission-authoring/src/app/layout.tsx (metadata title), components/layout/Navbar.tsx (around line 117), and app/leaderboard/page.tsx (heading).","navbar, browser title, and leaderboard heading all read 'Mission Control' | no remaining 'Rover Cadets' strings in the app",branding,2,2,242
User Story,Simplify generated mission names,"In mission-authoring/src/lib/missionNameGenerator.ts, drop the trailing 3-digit number and the dashes so names are two words with a space (e.g. 'Helios Explorer' not 'Helios-Explorer-234'). Names need not be unique.","generated names are two words separated by a space with no number | mission submission still works | existing missions are unaffected",polish,3,2,242
User Story,YouTube-style mission feed,"Restyle the landing feed (mission-authoring/src/app/page.tsx and MissionCard) toward a clean YouTube card aesthetic (away from the glowy look). Move 'Try it yourself' out of the card middle to the top-right or a bottom action bar. De-clutter leaderboard/challenges from the core viewer. Sim-vs-real video tabs are deferred.","feed reads as YouTube-like cards (code + video) | the Try-it action sits in a consistent corner, not mid-card | the landing is the mission viewer | layout is responsive on mobile",ux,3,8,243
User Story,Frame challenges as coming soon,"In mission-authoring/src/app/missions/page.tsx, label the not-yet-operational challenge features as 'coming soon' so we do not promise teachers something we cannot operate. Keep the page so the marking stakeholder still sees it.","non-working challenge parts are clearly labelled coming soon | the page still renders and is reachable | there are no broken or over-promised actions",ux,3,2,244
User Story,Deploy workflow skeleton and runtime docs,"Add a deploy pipeline skeleton and document the hub's build/runtime needs (Next API routes + Firebase Admin require a Node host such as Cloud Run, not pure static). Finalize once David/Werner choose the host (GCP likely; YouTube for video; Firestore as DB). BLOCKED on the host decision.","a draft deploy workflow exists (parameterized/commented) | docs list required env vars and runtime needs | the card is clearly marked blocked pending host | CI still passes",infra; blocked,2,5,245
User Story,Archive the old island repo,"Once the whole team is working on the fork, archive the old GitHub repo HlalanathiMashimbye/sapient.rocks-mission-control (preserve history, do not delete). Also remove the stray mission-authoring/.archived/api-routes-backup/ that came along in the import.","old GitHub repo is archived (not deleted) | the team has confirmed they are on the fork | the .archived backup folder is removed from the fork",chore,4,2,246
User Story,Architecture diagram for the next demo,"Produce a simple, presentation-ready architecture diagram (hub <-> yard <-> rover, plus Firestore and YouTube) that shows the close-the-loop flow, to lead the next sponsor demo as David requested.","diagram shows hub, yard, rover, Firestore and YouTube with the close-the-loop flow | it is committed to the repo/docs | it works as the opening slide of the demo",docs,4,3,246
